index,price
17280,323.181858
17281,343.659645
17282,301.364456
17283,453.887130
17284,373.402763
17285,327.052032
17286,525.367305
17287,509.622068
17288,249.973464
17289,440.190280
17290,410.065230
17291,598.197686
17292,285.818696
17293,592.950562
17294,497.370969
17295,1446.146304
17296,270.802788
17297,387.483444
17298,478.069200
17299,354.765538
17300,570.223067
17301,297.040884
17302,528.941207
17303,581.565261
17304,572.297340
17305,996.627611
17306,266.904550
17307,589.927864
17308,434.552863
17309,278.781284
17310,423.403863
17311,595.889721
17312,750.661777
17313,534.784813
17314,392.934359
17315,475.276805
17316,419.222068
17317,586.577378
17318,1495.047053
17319,262.339333
17320,1785.857088
17321,791.792141
17322,396.698027
17323,330.935869
17324,698.649782
17325,694.295829
17326,267.294713
17327,355.993883
17328,685.658007
17329,353.576662
17330,396.111112
17331,631.065691
17332,209.792071
17333,538.216135
17334,467.136616
17335,750.458763
17336,689.805016
17337,681.939357
17338,356.549961
17339,968.746587
17340,1186.075028
17341,284.837777
17342,956.572113
17343,563.761245
17344,662.414771
17345,497.548142
17346,409.275740
17347,324.212476
17348,225.332879
17349,306.125800
17350,463.847611
17351,303.219842
17352,468.059729
17353,431.840056
17354,302.145622
17355,334.385588
17356,224.997987
17357,498.897399
17358,1111.379469
17359,333.204729
17360,396.613620
17361,342.032236
17362,191.699743
17363,357.824519
17364,459.598850
17365,583.646051
17366,895.331817
17367,303.081078
17368,669.162027
17369,640.840663
17370,350.077178
17371,676.416315
17372,429.619389
17373,230.546037
17374,340.083518
17375,501.702835
17376,548.263539
17377,834.248519
17378,489.096831
17379,1239.861991
17380,362.958434
17381,596.377386
17382,307.096577
17383,772.900438
17384,253.072063
17385,324.085188
17386,220.449783
17387,237.801511
17388,233.984575
17389,224.532136
17390,715.534179
17391,523.918543
17392,548.311244
17393,624.713630
17394,421.563158
17395,876.198150
17396,383.049062
17397,605.327859
17398,864.187899
17399,543.254345
17400,461.682565
17401,600.031530
17402,270.045732
17403,555.430587
17404,636.905718
17405,518.197646
17406,462.784961
17407,200.897976
17408,753.731879
17409,174.449869
17410,438.517021
17411,587.472888
17412,438.158849
17413,479.702521
17414,339.888232
17415,713.762853
17416,306.342149
17417,649.871217
17418,674.433508
17419,269.078277
17420,891.068012
17421,1456.329724
17422,783.202527
17423,408.968509
17424,750.215776
17425,300.431370
17426,403.449873
17427,314.536221
17428,264.800067
17429,517.639235
17430,447.127496
17431,620.445898
17432,615.771694
17433,708.724680
17434,593.908372
17435,319.236476
17436,289.709382
17437,355.101560
17438,340.659004
17439,333.043421
17440,400.067187
17441,417.972594
17442,363.568543
17443,604.307252
17444,907.329391
17445,220.695087
17446,224.145413
17447,307.817492
17448,1035.385385
17449,522.931399
17450,681.163414
17451,1122.749053
17452,420.050970
17453,508.795327
17454,422.724669
17455,1507.775592
17456,258.010048
17457,295.817635
17458,172.932570
17459,291.986256
17460,269.156680
17461,435.242710
17462,810.110329
17463,426.562977
17464,749.608985
17465,287.936286
17466,326.541407
17467,556.763182
17468,494.677081
17469,249.077495
17470,317.398166
17471,653.457301
17472,539.234924
17473,321.961431
17474,516.925509
17475,370.311928
17476,521.076487
17477,331.612768
17478,276.097210
17479,262.724561
17480,790.182175
17481,317.876835
17482,348.471116
17483,1080.524427
17484,369.643474
17485,290.294748
17486,590.926894
17487,214.715629
17488,361.215137
17489,255.226300
17490,776.946140
17491,364.888178
17492,254.030740
17493,599.741482
17494,453.468258
17495,303.906206
17496,471.663510
17497,826.491689
17498,732.180371
17499,429.331105
17500,283.345757
17501,880.370568
17502,248.186625
17503,436.073370
17504,301.906198
17505,607.951688
17506,781.064662
17507,474.838575
17508,398.159090
17509,554.657028
17510,367.169814
17511,777.410646
17512,822.315654
17513,2252.054251
17514,472.781136
17515,489.963779
17516,492.225028
17517,644.665760
17518,509.410222
17519,519.782688
17520,511.599447
17521,531.173113
17522,251.690958
17523,298.165647
17524,469.380639
17525,740.656126
17526,940.532763
17527,1107.857871
17528,731.947040
17529,407.796531
17530,339.671064
17531,300.313052
17532,366.731045
17533,864.380585
17534,253.433898
17535,714.600253
17536,303.946085
17537,511.155152
17538,1004.852863
17539,431.329866
17540,383.699351
17541,674.169220
17542,426.158546
17543,267.064933
17544,668.993191
17545,406.086442
17546,511.115989
17547,387.357040
17548,293.999232
17549,787.543105
17550,314.437095
17551,287.776869
17552,496.829347
17553,533.521572
17554,282.307020
17555,435.155497
17556,1068.034411
17557,575.606329
17558,561.424016
17559,270.223755
17560,310.729836
17561,465.236681
17562,188.727183
17563,569.245269
17564,1558.283537
17565,934.290574
17566,590.799072
17567,557.850316
17568,951.203669
17569,433.348078
17570,406.676015
17571,512.638626
17572,547.185840
17573,382.940350
17574,780.352649
17575,246.717678
17576,410.581900
17577,465.053319
17578,354.805833
17579,525.145798
17580,336.305800
17581,457.442745
17582,428.379063
17583,278.964623
17584,368.378431
17585,280.514224
17586,1349.324879
17587,693.242195
17588,705.102118
17589,313.263869
17590,381.961862
17591,376.036636
17592,701.203511
17593,1155.038315
17594,613.111657
17595,794.248872
17596,340.617744
17597,1705.413877
17598,495.795683
17599,527.702255
17600,552.966958
17601,389.203924
17602,139.975907
17603,541.571646
17604,943.838835
17605,390.623123
17606,275.623573
17607,1010.254651
17608,172.528482
17609,336.328256
17610,316.794565
17611,312.761842
17612,438.450564
17613,246.890685
17614,885.231462
17615,323.314658
17616,536.674233
17617,283.723952
17618,221.405064
17619,751.279983
17620,490.143604
17621,267.569144
17622,608.752155
17623,234.413292
17624,481.216465
17625,266.466569
17626,655.290399
17627,315.380041
17628,394.692247
17629,831.006158
17630,493.187887
17631,413.397150
17632,418.870299
17633,304.068710
17634,376.070052
17635,445.394617
17636,351.529789
17637,415.121325
17638,369.909221
17639,342.902553
17640,311.670552
17641,176.353164
17642,414.441953
17643,455.982579
17644,354.627288
17645,649.941559
17646,389.235767
17647,375.977853
17648,633.497661
17649,834.762171
17650,755.530952
17651,315.628094
17652,426.791379
17653,331.023852
17654,586.233304
17655,1093.462948
17656,604.299809
17657,632.615525
17658,852.904745
17659,685.471105
17660,373.336682
17661,828.926483
17662,285.599883
17663,642.325783
17664,368.749983
17665,468.974520
17666,250.891577
17667,505.504502
17668,309.907293
17669,306.398050
17670,355.033431
17671,245.538082
17672,607.192664
17673,516.868134
17674,386.305256
17675,665.388703
17676,161.066137
17677,539.962174
17678,353.251048
17679,618.119702
17680,360.587409
17681,435.325455
17682,431.915364
17683,547.406465
17684,286.189387
17685,536.836646
17686,659.870668
17687,281.425467
17688,489.281384
17689,472.805751
17690,1260.682115
17691,713.369478
17692,901.056675
17693,444.530984
17694,289.208104
17695,361.770125
17696,396.386739
17697,600.191610
17698,350.470938
17699,335.466638
17700,1909.234058
17701,321.370632
17702,370.134503
17703,366.244002
17704,278.685661
17705,457.578651
17706,529.934553
17707,324.145902
17708,267.802217
17709,333.625683
17710,933.888120
17711,380.548265
17712,272.433040
17713,335.901763
17714,328.207931
17715,679.891452
17716,1106.581513
17717,1107.395561
17718,575.462652
17719,406.022259
17720,258.360651
17721,543.807162
17722,303.565042
17723,532.699730
17724,549.304522
17725,530.678353
17726,290.381295
17727,205.183575
17728,1272.787188
17729,320.399289
17730,1630.355357
17731,594.135147
17732,438.404187
17733,634.554164
17734,295.313882
17735,733.663122
17736,1887.910075
17737,787.983474
17738,238.163965
17739,353.072650
17740,360.417155
17741,1044.752356
17742,892.895127
17743,325.746142
17744,306.527522
17745,432.640979
17746,873.378209
17747,201.417892
17748,380.029556
17749,193.807060
17750,479.583622
17751,248.735061
17752,776.412485
17753,665.382405
17754,424.074794
17755,545.612984
17756,279.445413
17757,200.525285
17758,1370.255368
17759,900.537458
17760,216.098279
17761,417.211216
17762,240.983790
17763,286.746080
17764,537.605024
17765,453.867538
17766,976.031700
17767,356.054291
17768,676.417388
17769,363.545954
17770,276.185255
17771,319.537107
17772,325.081527
17773,509.966956
17774,226.988173
17775,375.238571
17776,606.023711
17777,274.777346
17778,1604.903288
17779,499.061907
17780,495.909578
17781,583.133957
17782,504.869147
17783,366.194960
17784,574.029338
17785,484.676561
17786,708.700650
17787,820.303537
17788,283.095363
17789,317.663402
17790,534.823982
17791,1952.605586
17792,954.110273
17793,458.410571
17794,395.835999
17795,472.757365
17796,681.286986
17797,428.956154
17798,508.310359
17799,485.172725
17800,616.679961
17801,767.655072
17802,217.591801
17803,517.448551
17804,578.967018
17805,829.087031
17806,352.251083
17807,460.594187
17808,738.977552
17809,909.750270
17810,412.453525
17811,501.824922
17812,534.270822
17813,195.304863
17814,584.724478
17815,419.464530
17816,281.586071
17817,247.719481
17818,353.999391
17819,379.233313
17820,291.817547
17821,903.424734
17822,268.505108
17823,630.098437
17824,333.642404
17825,794.503913
17826,372.756943
17827,555.916393
17828,227.900125
17829,245.684343
17830,681.234653
17831,184.018755
17832,330.131959
17833,470.704319
17834,488.703273
17835,660.732821
17836,434.612635
17837,713.613277
17838,668.148774
17839,787.179594
17840,488.056163
17841,273.701799
17842,565.757129
17843,191.263418
17844,429.703044
17845,213.603248
17846,333.952975
17847,408.257593
17848,929.748226
17849,523.934623
17850,371.796291
17851,316.344131
17852,600.224971
17853,328.300529
17854,670.221440
17855,359.211345
17856,309.113688
17857,344.895541
17858,257.254774
17859,250.772448
17860,343.945821
17861,508.403369
17862,352.167833
17863,282.530003
17864,214.356124
17865,631.854909
17866,215.951518
17867,279.852190
17868,518.867959
17869,673.677557
17870,322.237556
17871,1033.991549
17872,384.951164
17873,303.524126
17874,428.171170
17875,640.510165
17876,461.816338
17877,361.198532
17878,648.732183
17879,644.188803
17880,428.017365
17881,193.408338
17882,242.883456
17883,447.324491
17884,429.452504
17885,221.118393
17886,211.143452
17887,881.015036
17888,597.424370
17889,345.113797
17890,216.933692
17891,424.002678
17892,300.830373
17893,1007.936507
17894,620.158460
17895,482.928676
17896,201.172347
17897,466.985853
17898,596.592794
17899,618.041396
17900,388.193967
17901,291.788594
17902,344.668219
17903,496.641213
17904,499.490413
17905,282.022478
17906,842.427929
17907,678.965094
17908,381.639835
17909,511.473335
17910,382.639990
17911,702.460858
17912,306.808861
17913,848.200721
17914,1103.494281
17915,424.133944
17916,556.295617
17917,354.396220
17918,450.678475
17919,372.819635
17920,310.138011
17921,508.921302
17922,255.344429
17923,780.255066
17924,839.933524
17925,255.384112
17926,241.036038
17927,381.894739
17928,1072.951805
17929,316.221085
17930,602.727865
17931,427.224121
17932,326.483492
17933,239.669048
17934,278.018549
17935,230.568220
17936,459.898831
17937,428.390313
17938,1121.347414
17939,645.305715
17940,354.116505
17941,767.175294
17942,760.924916
17943,1068.482245
17944,245.846982
17945,549.491675
17946,503.164816
17947,659.418909
17948,400.875153
17949,640.396469
17950,962.160084
17951,639.179845
17952,356.313147
17953,458.030763
17954,428.940770
17955,399.305009
17956,616.348987
17957,393.196290
17958,828.788621
17959,430.150886
17960,430.318742
17961,755.368679
17962,475.841902
17963,534.971092
17964,228.422610
17965,530.374879
17966,417.403005
17967,468.307334
17968,537.653505
17969,542.882334
17970,455.548244
17971,367.303660
17972,1226.307597
17973,643.550193
17974,485.529480
17975,355.622298
17976,653.246294
17977,287.614638
17978,567.142118
17979,274.726777
17980,487.835769
17981,397.381200
17982,491.244594
17983,254.418976
17984,1241.710019
17985,287.385767
17986,508.367532
17987,383.622919
17988,867.993836
17989,490.267667
17990,456.161159
17991,698.539788
17992,315.722646
17993,300.048100
17994,372.685223
17995,393.449271
17996,627.151983
17997,319.769168
17998,526.115921
17999,706.856682
18000,692.961114
18001,370.536765
18002,515.868735
18003,198.926095
18004,482.960543
18005,595.270687
18006,461.199206
18007,699.840883
18008,465.040108
18009,649.135419
18010,788.106857
18011,642.224040
18012,201.107819
18013,288.479198
18014,1370.171173
18015,455.147527
18016,397.012917
18017,409.051806
18018,583.841496
18019,446.075976
18020,268.492113
18021,823.507652
18022,667.526905
18023,693.781335
18024,267.987390
18025,372.617793
18026,442.087221
18027,764.336315
18028,291.427111
18029,253.688490
18030,550.969961
18031,366.794038
18032,444.811294
18033,738.946691
18034,249.155625
18035,730.284399
18036,360.644558
18037,381.244196
18038,177.044503
18039,281.417700
18040,572.088668
18041,223.350932
18042,254.944411
18043,272.250552
18044,446.743549
18045,270.876785
18046,245.161807
18047,269.591968
18048,454.130473
18049,367.631951
18050,472.609889
18051,270.209555
18052,261.191865
18053,453.045540
18054,1044.777525
18055,529.910604
18056,527.443301
18057,285.937992
18058,236.022052
18059,339.733932
18060,708.152763
18061,845.817697
18062,439.164632
18063,1631.950278
18064,529.635214
18065,602.421746
18066,1215.826510
18067,728.609538
18068,272.685949
18069,549.062426
18070,390.373468
18071,394.802735
18072,327.539838
18073,293.353436
18074,580.937415
18075,621.990598
18076,610.396675
18077,343.310943
18078,555.039177
18079,527.002417
18080,621.176606
18081,364.671946
18082,753.138568
18083,631.154023
18084,877.149376
18085,186.933999
18086,483.379645
18087,480.288413
18088,374.914807
18089,286.556984
18090,306.953048
18091,837.113669
18092,592.768651
18093,300.930927
18094,312.071618
18095,853.258727
18096,406.096858
18097,1073.590778
18098,916.070425
18099,253.503970
18100,507.262363
18101,418.416805
18102,381.311809
18103,239.046973
18104,311.926374
18105,607.639194
18106,1739.995265
18107,312.171769
18108,388.082367
18109,596.970605
18110,456.775224
18111,1006.917423
18112,390.341401
18113,178.862645
18114,993.530407
18115,510.690456
18116,656.051116
18117,367.596818
18118,310.461213
18119,640.055197
18120,676.125102
18121,440.257808
18122,477.552396
18123,601.273291
18124,495.207775
18125,182.852978
18126,280.251744
18127,322.063802
18128,305.942200
18129,759.250070
18130,492.252343
18131,586.749589
18132,370.680733
18133,451.356699
18134,209.546131
18135,338.877510
18136,792.838150
18137,848.620689
18138,889.537772
18139,331.209366
18140,1141.392576
18141,1031.911351
18142,806.498464
18143,791.567963
18144,259.741579
18145,120.092189
18146,281.744725
18147,623.441707
18148,383.497165
18149,279.469857
18150,273.758136
18151,501.698032
18152,298.228772
18153,825.051602
18154,293.664362
18155,2241.676122
18156,1588.146689
18157,310.211353
18158,301.742508
18159,257.810581
18160,309.120746
18161,242.491111
18162,402.137818
18163,1444.321779
18164,573.614485
18165,280.963859
18166,733.706946
18167,715.753422
18168,783.474079
18169,203.853738
18170,553.174633
18171,1142.622181
18172,417.084563
18173,410.587295
18174,895.963800
18175,447.163411
18176,403.323766
18177,496.562277
18178,259.620645
18179,492.003342
18180,893.584530
18181,766.816139
18182,422.898360
18183,294.960018
18184,559.080991
18185,207.295985
18186,1398.004872
18187,536.683862
18188,321.472889
18189,237.791112
18190,446.611860
18191,840.865042
18192,247.315569
18193,1421.199066
18194,346.894556
18195,274.999488
18196,680.852795
18197,350.058399
18198,613.268768
18199,353.495764
18200,280.520401
18201,448.526198
18202,619.605718
18203,787.159897
18204,675.820776
18205,574.582528
18206,889.012234
18207,946.817936
18208,501.082973
18209,343.149230
18210,323.791059
18211,197.911088
18212,236.983589
18213,323.380680
18214,348.461308
18215,612.037190
18216,691.575584
18217,226.180845
18218,2123.725176
18219,639.759294
18220,362.058818
18221,443.175885
18222,273.373097
18223,1042.528910
18224,583.727565
18225,293.623811
18226,272.239969
18227,286.527503
18228,234.730093
18229,655.347591
18230,545.081661
18231,637.247776
18232,626.515446
18233,709.996104
18234,745.049000
18235,454.537308
18236,474.801696
18237,1011.852287
18238,337.839855
18239,395.720298
18240,398.029875
18241,308.966734
18242,654.430181
18243,355.561155
18244,250.225685
18245,1438.447666
18246,521.535396
18247,256.745391
18248,317.225114
18249,963.220915
18250,788.388242
18251,708.908547
18252,307.519277
18253,454.247034
18254,209.794249
18255,434.596506
18256,234.342552
18257,755.280312
18258,608.918680
18259,553.522494
18260,1890.825174
18261,392.657427
18262,413.665503
18263,647.525742
18264,524.266438
18265,204.328283
18266,276.023732
18267,400.374064
18268,532.775645
18269,262.739146
18270,350.256979
18271,187.705901
18272,397.263290
18273,905.191054
18274,2025.871733
18275,312.108373
18276,1347.868222
18277,397.971285
18278,342.616478
18279,857.550342
18280,786.561746
18281,420.188416
18282,506.525697
18283,272.333056
18284,503.318081
18285,445.001529
18286,385.917722
18287,238.916402
18288,858.602066
18289,1113.184470
18290,249.309527
18291,656.877791
18292,845.391847
18293,210.636578
18294,431.188448
18295,367.301111
18296,383.086725
18297,399.246499
18298,246.765703
18299,628.486749
18300,338.321545
18301,214.608107
18302,621.428505
18303,810.164136
18304,607.562082
18305,1288.626193
18306,523.712289
18307,542.547613
18308,291.467189
18309,489.349114
18310,783.856147
18311,240.969665
18312,348.297489
18313,1411.208580
18314,707.729208
18315,592.828904
18316,473.853198
18317,299.812151
18318,377.182306
18319,798.786976
18320,529.321433
18321,401.786339
18322,734.085943
18323,956.011756
18324,406.489729
18325,767.271430
18326,580.040541
18327,378.806924
18328,536.310773
18329,298.899970
18330,507.761738
18331,428.945471
18332,615.239353
18333,321.696755
18334,459.404175
18335,190.791467
18336,252.958400
18337,380.849096
18338,615.713142
18339,271.835591
18340,613.851907
18341,358.403867
18342,362.500563
18343,538.310835
18344,470.001472
18345,655.760872
18346,331.451802
18347,355.298152
18348,463.316289
18349,357.049079
18350,1166.070154
18351,219.219245
18352,417.817359
18353,311.023090
18354,547.458054
18355,747.118651
18356,1103.006556
18357,448.648202
18358,753.863447
18359,407.046820
18360,261.477378
18361,183.662830
18362,661.583944
18363,554.192802
18364,647.063059
18365,301.260650
18366,513.596508
18367,747.382818
18368,467.991611
18369,804.137179
18370,405.421198
18371,145.867870
18372,2379.829709
18373,514.406835
18374,340.582948
18375,331.003577
18376,565.195882
18377,690.847566
18378,776.908640
18379,1173.499961
18380,648.603827
18381,414.156604
18382,371.679995
18383,314.496102
18384,610.550170
18385,422.288394
18386,646.858520
18387,466.012401
18388,444.517643
18389,261.154464
18390,496.125406
18391,168.699086
18392,1070.172569
18393,329.385616
18394,199.073241
18395,317.746364
18396,305.499361
18397,336.804448
18398,304.070446
18399,361.793713
18400,689.896119
18401,718.247054
18402,323.158826
18403,497.808129
18404,195.016351
18405,1148.496684
18406,586.891801
18407,424.719707
18408,251.801857
18409,279.520280
18410,252.009909
18411,1419.053785
18412,477.872817
18413,895.473436
18414,471.276799
18415,299.779445
18416,1931.748342
18417,182.777885
18418,1397.695621
18419,843.565898
18420,393.155256
18421,405.476034
18422,379.534735
18423,334.477332
18424,188.804864
18425,996.064250
18426,575.920080
18427,290.081077
18428,530.004811
18429,448.901274
18430,213.354229
18431,587.432152
18432,282.703494
18433,561.051021
18434,549.726184
18435,1101.329023
18436,255.613410
18437,227.477993
18438,449.720690
18439,295.578326
18440,239.486694
18441,763.181508
18442,678.364520
18443,602.484853
18444,249.685139
18445,531.783242
18446,268.361405
18447,259.021541
18448,750.955717
18449,298.877229
18450,760.947591
18451,327.446333
18452,406.598945
18453,578.619904
18454,289.382961
18455,799.393271
18456,352.543517
18457,225.055840
18458,622.787234
18459,256.174551
18460,1073.299131
18461,566.205518
18462,229.842356
18463,527.256615
18464,716.093046
18465,648.933120
18466,260.701039
18467,616.219095
18468,531.353897
18469,690.766021
18470,682.220171
18471,493.391935
18472,1264.192443
18473,421.874109
18474,675.041124
18475,364.785628
18476,299.418717
18477,348.281057
18478,404.463511
18479,248.205519
18480,710.589366
18481,767.364263
18482,518.729690
18483,708.524573
18484,202.146094
18485,344.507359
18486,662.954446
18487,532.086823
18488,307.944489
18489,584.018270
18490,814.659859
18491,603.312823
18492,279.262924
18493,568.305349
18494,766.893205
18495,459.918421
18496,562.889571
18497,429.829236
18498,483.284201
18499,639.250482
18500,742.680435
18501,413.939922
18502,294.842919
18503,588.115409
18504,304.574130
18505,399.621153
18506,688.530128
18507,281.755207
18508,1092.651707
18509,692.044252
18510,412.276964
18511,305.303358
18512,371.935141
18513,399.317335
18514,481.816025
18515,491.603092
18516,267.674325
18517,498.038551
18518,362.895839
18519,603.532076
18520,343.803831
18521,521.196933
18522,586.927013
18523,302.936546
18524,373.177658
18525,610.950258
18526,401.420807
18527,246.783809
18528,508.738531
18529,504.724764
18530,226.406700
18531,1067.312756
18532,882.079424
18533,542.816193
18534,498.538125
18535,329.202510
18536,571.511289
18537,321.739743
18538,572.401984
18539,268.020469
18540,240.396637
18541,400.363459
18542,881.651357
18543,520.273442
18544,548.854813
18545,455.411458
18546,451.848882
18547,723.855403
18548,289.771615
18549,325.566264
18550,309.590701
18551,335.781185
18552,349.610175
18553,1317.773548
18554,350.335677
18555,402.651151
18556,525.554445
18557,970.877888
18558,594.409261
18559,330.442662
18560,344.709255
18561,264.488377
18562,279.483150
18563,300.629997
18564,480.000239
18565,1115.762299
18566,465.251211
18567,1227.249413
18568,486.476150
18569,488.904954
18570,1365.712238
18571,666.353208
18572,457.275015
18573,263.458624
18574,584.410394
18575,590.130317
18576,506.132405
18577,624.525618
18578,467.601892
18579,610.522937
18580,679.231935
18581,497.095305
18582,490.895229
18583,568.021961
18584,538.050774
18585,1168.721838
18586,670.758110
18587,829.369975
18588,1304.020658
18589,338.094182
18590,814.786049
18591,915.531760
18592,364.788808
18593,384.997771
18594,263.455838
18595,459.938377
18596,418.501013
18597,269.814355
18598,220.531454
18599,396.568955
18600,436.186287
18601,281.226916
18602,821.606227
18603,597.627822
18604,527.631143
18605,827.768256
18606,245.382286
18607,810.281193
18608,710.739656
18609,736.627014
18610,383.560552
18611,275.450839
18612,539.063250
18613,568.590402
18614,237.001647
18615,686.353976
18616,228.227311
18617,694.710589
18618,2529.361355
18619,1383.128815
18620,395.778417
18621,292.184481
18622,476.413793
18623,510.435563
18624,691.146211
18625,311.985473
18626,394.064878
18627,340.199666
18628,543.264659
18629,813.332370
18630,508.810889
18631,327.589221
18632,568.105032
18633,206.307643
18634,528.196728
18635,261.241048
18636,2106.244500
18637,464.542164
18638,295.052576
18639,534.433492
18640,356.092188
18641,282.924297
18642,469.536689
18643,360.452967
18644,451.753542
18645,323.986972
18646,461.834724
18647,384.556194
18648,263.609376
18649,501.174290
18650,511.050996
18651,598.954862
18652,274.038199
18653,1373.067052
18654,775.178669
18655,604.606124
18656,358.145827
18657,349.996026
18658,320.730293
18659,343.479138
18660,2004.906081
18661,759.400053
18662,425.789399
18663,450.476815
18664,377.983628
18665,428.338464
18666,1101.746360
18667,756.587243
18668,427.209982
18669,457.244417
18670,855.994837
18671,413.519598
18672,590.218217
18673,244.081007
18674,292.897692
18675,836.474037
18676,1057.260175
18677,881.881276
18678,400.685207
18679,670.851298
18680,229.173202
18681,429.056278
18682,539.902212
18683,354.392615
18684,961.749353
18685,251.833578
18686,789.363511
18687,567.778476
18688,324.672554
18689,730.610869
18690,239.641354
18691,702.180275
18692,1642.613698
18693,244.850036
18694,607.856636
18695,276.039463
18696,1292.821519
18697,700.748575
18698,492.027281
18699,567.834287
18700,229.361779
18701,248.357595
18702,399.287213
18703,329.541751
18704,747.907621
18705,466.441859
18706,789.545996
18707,477.394478
18708,509.255690
18709,1049.362727
18710,471.580699
18711,639.088202
18712,497.099063
18713,1722.934063
18714,482.361194
18715,308.035150
18716,249.573845
18717,574.324420
18718,917.371558
18719,391.962827
18720,363.226311
18721,965.869190
18722,157.289873
18723,488.594461
18724,666.393084
18725,371.623972
18726,572.723038
18727,948.262192
18728,600.022131
18729,594.726485
18730,910.751137
18731,934.497372
18732,296.658907
18733,562.333644
18734,290.313159
18735,2261.569727
18736,799.186702
18737,335.893067
18738,388.196219
18739,442.596129
18740,456.111890
18741,243.006299
18742,559.536768
18743,1183.788625
18744,192.298003
18745,558.216306
18746,1204.808229
18747,503.616163
18748,551.843997
18749,218.708183
18750,774.015556
18751,448.107657
18752,280.124768
18753,1432.174628
18754,343.623163
18755,785.263924
18756,1355.033967
18757,481.255325
18758,589.418740
18759,423.075910
18760,579.867353
18761,475.687385
18762,332.430119
18763,381.963999
18764,1069.573891
18765,333.739188
18766,380.157512
18767,852.610594
18768,290.827140
18769,580.383789
18770,515.099311
18771,566.495681
18772,456.253253
18773,347.050967
18774,585.913416
18775,351.409904
18776,610.019611
18777,475.987563
18778,367.752478
18779,1031.638158
18780,221.819171
18781,710.109815
18782,418.630560
18783,585.327301
18784,636.647659
18785,451.233254
18786,644.761789
18787,315.391521
18788,298.149621
18789,412.967511
18790,699.806366
18791,344.027972
18792,477.494561
18793,587.970530
18794,1128.930291
18795,586.937901
18796,303.600842
18797,461.181546
18798,726.133882
18799,580.291712
18800,372.834556
18801,327.121655
18802,686.005289
18803,334.566572
18804,247.186305
18805,303.821467
18806,867.835316
18807,1738.849589
18808,550.425377
18809,636.412049
18810,380.367097
18811,868.322024
18812,384.553614
18813,437.596355
18814,619.968904
18815,853.882553
18816,203.688095
18817,255.107410
18818,561.473249
18819,333.104016
18820,269.224314
18821,782.867459
18822,439.267080
18823,284.348821
18824,349.659761
18825,879.781368
18826,492.031122
18827,227.461113
18828,626.780346
18829,670.565287
18830,443.266049
18831,544.671137
18832,306.133731
18833,784.369435
18834,620.734498
18835,213.048387
18836,442.937294
18837,1418.847435
18838,898.461856
18839,335.414208
18840,485.747537
18841,1137.287216
18842,725.278441
18843,352.303891
18844,857.749873
18845,429.294812
18846,532.309926
18847,481.935558
18848,335.523289
18849,224.708526
18850,1192.401565
18851,522.688730
18852,429.761303
18853,322.527489
18854,658.181910
18855,1185.773385
18856,352.761788
18857,272.355678
18858,306.601018
18859,610.002346
18860,624.102058
18861,416.826209
18862,806.383223
18863,678.465463
18864,378.851939
18865,631.630174
18866,348.489909
18867,376.083525
18868,439.840795
18869,267.031666
18870,369.896943
18871,1167.524062
18872,424.343365
18873,948.260085
18874,394.784473
18875,566.035826
18876,572.232042
18877,482.143524
18878,680.641783
18879,519.277278
18880,662.993584
18881,569.843498
18882,565.016034
18883,451.108442
18884,206.865220
18885,299.306558
18886,671.392249
18887,456.677585
18888,259.697890
18889,338.822569
18890,371.598647
18891,640.377611
18892,611.629695
18893,745.115311
18894,716.243718
18895,561.248601
18896,1010.692953
18897,635.266805
18898,282.387281
18899,513.226790
18900,435.015274
18901,997.787683
18902,894.242221
18903,409.241834
18904,891.033497
18905,467.507594
18906,528.541857
18907,264.008119
18908,558.695056
18909,2252.142192
18910,449.994681
18911,329.010749
18912,757.107606
18913,438.242314
18914,517.330811
18915,1979.357504
18916,334.645392
18917,556.014643
18918,497.669475
18919,318.223946
18920,327.258181
18921,262.984923
18922,649.959683
18923,527.497504
18924,924.638881
18925,460.492212
18926,1252.701281
18927,361.309743
18928,699.584183
18929,355.557713
18930,1059.000477
18931,333.783658
18932,592.053334
18933,736.997797
18934,809.386506
18935,571.717211
18936,575.225778
18937,646.460264
18938,461.360333
18939,396.274870
18940,601.446957
18941,669.364942
18942,264.943025
18943,357.106849
18944,345.058838
18945,441.763587
18946,141.002823
18947,266.456938
18948,291.957058
18949,299.024226
18950,617.748054
18951,1114.268523
18952,344.368223
18953,322.438669
18954,461.210102
18955,470.679271
18956,394.251182
18957,274.648275
18958,299.041864
18959,331.982549
18960,349.594903
18961,846.985365
18962,331.335177
18963,476.837595
18964,507.823774
18965,522.105340
18966,560.557510
18967,511.624130
18968,315.747185
18969,470.878746
18970,322.165505
18971,716.341553
18972,373.546049
18973,605.811749
18974,519.609915
18975,532.450936
18976,341.841843
18977,286.144199
18978,397.427937
18979,413.700588
18980,641.690035
18981,535.155023
18982,282.772404
18983,351.533954
18984,385.443394
18985,348.064229
18986,644.319782
18987,344.580838
18988,374.590004
18989,442.439628
18990,1707.352924
18991,478.507221
18992,742.934431
18993,1074.564428
18994,633.411629
18995,316.744418
18996,261.519367
18997,612.355922
18998,348.981602
18999,350.248427
19000,499.107766
19001,551.527015
19002,453.029236
19003,385.412961
19004,1012.528922
19005,369.683158
19006,651.932826
19007,530.561885
19008,246.693292
19009,366.461092
19010,642.621444
19011,333.384170
19012,559.732558
19013,440.478829
19014,268.249730
19015,647.126144
19016,560.192624
19017,814.908725
19018,349.633047
19019,346.153430
19020,522.808881
19021,274.335789
19022,181.860590
19023,300.727305
19024,527.970603
19025,664.830193
19026,274.985953
19027,358.432014
19028,257.036989
19029,296.446782
19030,722.179475
19031,401.292109
19032,257.596077
19033,317.041845
19034,856.747657
19035,457.894432
19036,296.455039
19037,391.845678
19038,1246.459578
19039,315.958890
19040,317.855095
19041,582.138481
19042,295.297475
19043,566.176907
19044,377.083678
19045,480.458999
19046,649.803546
19047,436.846193
19048,210.870967
19049,401.052502
19050,655.262046
19051,424.669458
19052,316.845559
19053,641.645477
19054,168.238007
19055,288.839226
19056,504.244836
19057,280.513027
19058,301.169538
19059,883.536872
19060,301.595998
19061,220.620629
19062,505.775934
19063,481.981363
19064,520.542412
19065,418.746506
19066,661.687528
19067,240.445836
19068,277.000558
19069,615.408575
19070,592.071629
19071,317.058518
19072,410.357444
19073,500.665105
19074,713.915825
19075,681.319567
19076,269.867661
19077,541.680885
19078,525.774260
19079,508.458412
19080,450.402177
19081,497.757704
19082,377.397278
19083,611.905909
19084,419.478442
19085,357.205800
19086,254.070870
19087,1426.520180
19088,469.352033
19089,244.798734
19090,389.857004
19091,527.326701
19092,1141.889261
19093,788.375550
19094,397.170872
19095,962.495901
19096,174.702968
19097,498.303090
19098,544.056724
19099,891.597435
19100,662.121960
19101,876.793650
19102,822.609092
19103,296.145404
19104,406.041960
19105,931.273801
19106,304.542565
19107,346.707457
19108,424.382501
19109,549.961128
19110,313.018351
19111,601.140248
19112,281.931122
19113,644.957025
19114,1303.160763
19115,843.720090
19116,248.588263
19117,517.650990
19118,601.370013
19119,729.875220
19120,281.888560
19121,312.223407
19122,397.606527
19123,576.095956
19124,1133.954862
19125,292.802268
19126,208.372359
19127,1407.149626
19128,515.266442
19129,695.023301
19130,379.802447
19131,462.093627
19132,701.479283
19133,323.287612
19134,587.833624
19135,438.187048
19136,605.525955
19137,472.876328
19138,384.839385
19139,220.066759
19140,609.623938
19141,250.095329
19142,1803.038872
19143,787.535518
19144,2477.274942
19145,401.312716
19146,271.516042
19147,530.944285
19148,424.786069
19149,218.604935
19150,273.409889
19151,793.781111
19152,312.090926
19153,872.183344
19154,404.762050
19155,619.624774
19156,638.704072
19157,284.007819
19158,351.311127
19159,458.540753
19160,260.595923
19161,709.726021
19162,427.849151
19163,431.825572
19164,406.047622
19165,1231.293323
19166,406.504614
19167,619.266333
19168,493.156569
19169,645.434616
19170,250.669117
19171,351.597689
19172,403.282642
19173,576.748486
19174,452.402081
19175,382.521806
19176,500.006985
19177,564.054860
19178,896.009018
19179,293.214740
19180,548.846870
19181,723.104810
19182,847.971938
19183,615.182746
19184,703.762436
19185,387.986974
19186,391.336531
19187,318.308770
19188,294.389130
19189,782.456545
19190,507.658780
19191,813.269708
19192,265.600200
19193,192.712653
19194,720.690099
19195,283.550450
19196,873.536517
19197,286.545590
19198,567.132975
19199,573.844968
19200,599.282597
19201,394.093452
19202,298.207132
19203,270.523077
19204,277.144695
19205,226.548511
19206,969.536313
19207,384.152517
19208,394.874763
19209,309.627327
19210,372.697154
19211,1283.376528
19212,348.396405
19213,430.614004
19214,541.022754
19215,1029.050233
19216,380.084869
19217,611.055762
19218,572.976454
19219,785.888261
19220,555.061058
19221,169.582590
19222,482.347125
19223,525.226204
19224,452.995341
19225,287.063309
19226,618.279910
19227,446.014821
19228,700.767832
19229,481.209650
19230,458.871320
19231,245.853955
19232,750.314888
19233,219.470549
19234,903.424257
19235,1622.536009
19236,672.392736
19237,205.659993
19238,549.134030
19239,1272.009414
19240,565.473226
19241,345.630442
19242,320.790531
19243,669.397452
19244,404.790300
19245,381.346146
19246,539.645268
19247,563.929792
19248,285.292242
19249,325.777117
19250,484.740570
19251,308.351131
19252,508.076729
19253,183.421192
19254,448.195603
19255,621.343998
19256,597.010607
19257,352.026129
19258,578.927131
19259,791.136555
19260,616.728703
19261,535.374342
19262,339.479193
19263,517.439753
19264,431.323665
19265,1590.247057
19266,451.017858
19267,452.997739
19268,639.912525
19269,323.680505
19270,768.484082
19271,631.202616
19272,416.502700
19273,440.408685
19274,972.627218
19275,447.152909
19276,435.701849
19277,494.856028
19278,1888.451349
19279,249.028005
19280,733.954083
19281,535.410062
19282,500.200426
19283,389.470487
19284,289.825539
19285,384.678942
19286,335.636067
19287,896.979702
19288,552.736433
19289,202.919829
19290,573.238594
19291,338.893737
19292,447.319073
19293,324.805851
19294,572.763626
19295,482.976497
19296,382.333430
19297,1078.483164
19298,2285.226447
19299,241.369648
19300,1180.923954
19301,496.957503
19302,1039.815035
19303,666.295442
19304,566.937094
19305,942.164330
19306,142.823475
19307,540.363332
19308,664.102634
19309,292.104869
19310,278.318827
19311,598.031938
19312,577.303284
19313,898.912627
19314,644.087153
19315,613.423151
19316,398.552087
19317,700.175878
19318,673.170230
19319,732.088679
19320,582.287127
19321,462.459343
19322,438.595700
19323,982.763664
19324,459.022874
19325,240.734559
19326,822.403160
19327,434.886761
19328,313.050279
19329,256.529152
19330,470.781218
19331,502.537485
19332,475.922524
19333,359.586313
19334,657.717279
19335,592.007329
19336,379.669299
19337,365.904712
19338,495.249011
19339,348.044221
19340,702.917431
19341,385.834517
19342,647.644034
19343,428.328650
19344,596.517928
19345,572.045203
19346,346.448508
19347,525.171408
19348,719.406527
19349,352.368291
19350,701.597322
19351,720.526487
19352,378.574131
19353,442.369744
19354,327.951763
19355,729.241414
19356,220.528679
19357,354.675461
19358,325.228930
19359,335.496496
19360,666.337000
19361,229.009808
19362,805.934186
19363,548.207073
19364,448.811921
19365,437.999151
19366,385.302815
19367,319.657330
19368,229.455300
19369,283.804727
19370,599.873543
19371,281.758059
19372,805.502334
19373,495.029476
19374,644.511081
19375,290.658925
19376,1338.217408
19377,692.730611
19378,563.080085
19379,238.202806
19380,466.319090
19381,413.380288
19382,261.087341
19383,887.959469
19384,305.070940
19385,241.261881
19386,292.351156
19387,562.182315
19388,300.437635
19389,463.759908
19390,259.342430
19391,451.227145
19392,276.893517
19393,221.656546
19394,527.117255
19395,617.892160
19396,505.451312
19397,372.394959
19398,648.375696
19399,388.769160
19400,529.876948
19401,268.603441
19402,710.256709
19403,431.346295
19404,613.793218
19405,292.694951
19406,880.626791
19407,199.633018
19408,512.021567
19409,185.655424
19410,808.297983
19411,356.068300
19412,578.996775
19413,528.804366
19414,828.628844
19415,387.721670
19416,419.728517
19417,342.409922
19418,475.108106
19419,574.881628
19420,222.171818
19421,572.965721
19422,333.495345
19423,312.602279
19424,499.070495
19425,237.984015
19426,334.454754
19427,351.075203
19428,287.221700
19429,559.040740
19430,356.461735
19431,656.036625
19432,383.140160
19433,842.758778
19434,440.605900
19435,1489.687149
19436,901.058781
19437,992.836289
19438,305.963146
19439,808.199289
19440,490.179759
19441,723.352431
19442,852.507226
19443,476.236906
19444,509.575837
19445,369.184447
19446,475.032735
19447,580.820052
19448,506.357384
19449,1988.418689
19450,478.329228
19451,348.846408
19452,391.368722
19453,1005.720127
19454,816.825255
19455,248.191858
19456,278.619493
19457,444.834237
19458,365.794565
19459,348.428918
19460,543.183599
19461,502.046096
19462,809.866951
19463,1123.465056
19464,806.006206
19465,472.952526
19466,872.891697
19467,193.963174
19468,864.891401
19469,499.732278
19470,410.268574
19471,485.170233
19472,333.893439
19473,250.689378
19474,609.734196
19475,552.090503
19476,479.351715
19477,293.006907
19478,408.832996
19479,792.141579
19480,314.907294
19481,880.456509
19482,417.518632
19483,365.456480
19484,395.770591
19485,816.851865
19486,366.401413
19487,405.471093
19488,795.594832
19489,666.796099
19490,577.964606
19491,351.068303
19492,1000.859126
19493,368.994008
19494,361.154284
19495,508.215143
19496,372.924675
19497,414.495657
19498,443.976609
19499,320.495948
19500,793.603612
19501,499.430050
19502,1012.035991
19503,325.512636
19504,369.231695
19505,322.052637
19506,547.441406
19507,620.805880
19508,566.527855
19509,999.803860
19510,727.241030
19511,439.942240
19512,1114.171564
19513,380.940408
19514,530.071585
19515,4222.299861
19516,379.397427
19517,839.123317
19518,510.035398
19519,685.640869
19520,728.212555
19521,296.376429
19522,174.609759
19523,741.267485
19524,262.961979
19525,640.458254
19526,341.818229
19527,463.667523
19528,356.891721
19529,240.401847
19530,428.622148
19531,708.458342
19532,756.803494
19533,603.658087
19534,173.321615
19535,350.608239
19536,501.341378
19537,664.330756
19538,486.743094
19539,564.202170
19540,396.938317
19541,507.963115
19542,323.433896
19543,212.160536
19544,256.629250
19545,869.506948
19546,4676.473267
19547,280.210710
19548,424.037334
19549,784.069606
19550,713.194097
19551,705.847076
19552,226.716913
19553,496.423886
19554,469.936214
19555,533.307387
19556,471.396308
19557,378.470867
19558,460.755565
19559,599.052322
19560,1116.951215
19561,504.904925
19562,648.405174
19563,452.292635
19564,794.520803
19565,251.947087
19566,408.582990
19567,384.800415
19568,1145.848124
19569,344.584234
19570,428.619155
19571,614.497302
19572,352.610924
19573,696.185149
19574,492.599867
19575,595.867774
19576,396.779780
19577,402.345097
19578,512.336531
19579,595.228599
19580,194.693315
19581,544.073937
19582,633.159774
19583,268.323798
19584,285.396709
19585,241.467579
19586,753.657629
19587,886.240875
19588,1062.383264
19589,241.196386
19590,414.935519
19591,668.452380
19592,1235.152846
19593,826.614655
19594,900.577806
19595,563.906739
19596,268.028219
19597,504.865672
19598,810.832287
19599,641.924932
19600,806.568743
19601,1611.063909
19602,218.533813
19603,751.222613
19604,444.839850
19605,457.407544
19606,521.851434
19607,195.195025
19608,637.860599
19609,543.327760
19610,463.104998
19611,595.739546
19612,657.124441
19613,992.153490
19614,259.087917
19615,192.019511
19616,258.054242
19617,601.220548
19618,369.239602
19619,397.493065
19620,318.422222
19621,416.265248
19622,524.842944
19623,1067.566154
19624,242.291189
19625,236.355432
19626,1154.713839
19627,743.346303
19628,873.052097
19629,425.386770
19630,527.393319
19631,514.895692
19632,715.756661
19633,319.313364
19634,910.115623
19635,454.509717
19636,248.415953
19637,699.436392
19638,314.468884
19639,411.036226
19640,337.323292
19641,248.347095
19642,614.294586
19643,318.948477
19644,271.154532
19645,379.197519
19646,1180.540263
19647,543.392800
19648,374.178315
19649,471.309441
19650,429.944293
19651,596.768487
19652,362.953511
19653,460.360573
19654,234.697934
19655,281.353115
19656,433.967707
19657,715.542514
19658,452.543362
19659,635.731104
19660,769.717798
19661,268.782916
19662,324.840099
19663,148.405463
19664,298.501683
19665,545.625579
19666,353.049576
19667,432.466270
19668,403.896349
19669,388.563954
19670,577.276001
19671,365.973428
19672,256.810151
19673,444.626687
19674,676.305037
19675,461.291195
19676,623.600430
19677,385.630109
19678,629.625282
19679,304.337120
19680,501.784966
19681,432.221827
19682,318.665666
19683,372.949642
19684,761.788329
19685,438.674318
19686,346.020762
19687,293.413359
19688,639.005712
19689,456.976113
19690,681.528421
19691,405.522869
19692,431.846099
19693,424.456128
19694,267.930053
19695,247.290330
19696,581.363688
19697,804.668163
19698,395.531506
19699,360.474309
19700,350.366762
19701,610.482078
19702,677.361025
19703,237.763906
19704,614.526834
19705,542.557086
19706,261.774738
19707,920.528656
19708,1164.253677
19709,405.352203
19710,463.178598
19711,481.492698
19712,237.811806
19713,511.894464
19714,629.451831
19715,323.244909
19716,1987.289288
19717,411.305811
19718,560.826317
19719,380.620276
19720,1125.071585
19721,265.892763
19722,275.471721
19723,567.934116
19724,1927.228789
19725,482.202341
19726,1925.023956
19727,1482.706807
19728,313.026841
19729,728.552866
19730,334.374003
19731,1152.694830
19732,796.642237
19733,721.804983
19734,362.237031
19735,1044.518957
19736,551.982216
19737,275.592031
19738,319.989887
19739,333.923091
19740,203.202631
19741,288.156196
19742,553.031890
19743,299.952013
19744,963.858876
19745,566.544308
19746,718.264702
19747,305.106596
19748,641.338045
19749,282.468328
19750,489.950356
19751,326.133865
19752,214.240398
19753,329.165665
19754,453.078100
19755,377.783586
19756,454.656014
19757,224.665626
19758,367.798491
19759,377.814540
19760,453.320182
19761,268.522935
19762,338.678768
19763,436.588923
19764,300.746739
19765,477.209958
19766,350.532841
19767,580.427914
19768,982.844479
19769,340.270998
19770,267.707825
19771,402.838433
19772,482.168453
19773,736.673578
19774,355.174934
19775,515.893576
19776,1749.324943
19777,648.599750
19778,1686.754296
19779,239.074004
19780,348.894183
19781,158.184586
19782,402.750298
19783,510.616642
19784,630.187781
19785,353.637831
19786,522.872298
19787,550.776286
19788,342.818723
19789,220.028904
19790,173.817550
19791,284.790241
19792,298.305602
19793,754.699277
19794,242.706314
19795,431.522573
19796,314.393125
19797,497.344513
19798,278.569043
19799,273.666477
19800,507.347843
19801,436.726017
19802,333.421521
19803,547.262032
19804,497.338430
19805,312.431446
19806,1149.717181
19807,263.740229
19808,494.968555
19809,436.159412
19810,501.687327
19811,438.417883
19812,452.712649
19813,591.340030
19814,678.767690
19815,880.514599
19816,309.003274
19817,1035.876804
19818,788.831457
19819,609.215591
19820,417.838885
19821,536.654745
19822,788.234407
19823,405.078925
19824,561.807593
19825,474.629026
19826,259.751617
19827,720.059745
19828,657.223083
19829,371.559908
19830,387.213130
19831,684.912902
19832,569.843456
19833,579.167588
19834,480.046901
19835,637.638681
19836,226.665314
19837,424.203390
19838,234.476985
19839,728.150824
19840,648.059610
19841,635.133072
19842,459.104724
19843,763.849752
19844,301.663627
19845,314.246784
19846,196.590413
19847,318.925218
19848,851.761274
19849,1043.480057
19850,390.935635
19851,627.525861
19852,840.804299
19853,554.076454
19854,306.708455
19855,626.388116
19856,683.829292
19857,612.730037
19858,609.642928
19859,298.312213
19860,326.845011
19861,314.660344
19862,833.347118
19863,583.472823
19864,397.805987
19865,198.383859
19866,429.935310
19867,245.551322
19868,564.626412
19869,249.292865
19870,521.744564
19871,450.983480
19872,239.319015
19873,492.125865
19874,570.431937
19875,448.020180
19876,782.031485
19877,605.357103
19878,703.670647
19879,450.712875
19880,534.574826
19881,465.871940
19882,198.673216
19883,512.703465
19884,671.755600
19885,351.270199
19886,382.000295
19887,408.743895
19888,410.527569
19889,1062.122429
19890,606.035591
19891,489.611223
19892,1682.152706
19893,305.903012
19894,282.159194
19895,308.695044
19896,238.308162
19897,765.913075
19898,438.918590
19899,528.997283
19900,382.017725
19901,244.365324
19902,362.853142
19903,224.090082
19904,556.743358
19905,2495.914625
19906,2091.835058
19907,730.414247
19908,491.374661
19909,404.235721
19910,481.578820
19911,494.912985
19912,362.020874
19913,589.046577
19914,514.782636
19915,342.619876
19916,469.613867
19917,473.232737
19918,773.186610
19919,498.659386
19920,257.233867
19921,860.494078
19922,504.520232
19923,255.688695
19924,342.337437
19925,456.786368
19926,369.004457
19927,416.678488
19928,564.594956
19929,231.112321
19930,392.315038
19931,948.169786
19932,294.095060
19933,590.651656
19934,600.851988
19935,608.308409
19936,595.040912
19937,347.132002
19938,398.671636
19939,624.162725
19940,320.461274
19941,708.659506
19942,187.745830
19943,512.230640
19944,548.020877
19945,427.398855
19946,929.832085
19947,506.272955
19948,316.093586
19949,447.695369
19950,483.768367
19951,928.290166
19952,703.263441
19953,623.373371
19954,642.819011
19955,632.606164
19956,543.818629
19957,464.550643
19958,1115.275843
19959,614.787101
19960,270.586432
19961,359.372650
19962,516.386248
19963,386.114516
19964,361.057074
19965,361.849564
19966,511.647641
19967,666.898805
19968,480.530279
19969,208.321150
19970,400.990652
19971,1026.030528
19972,622.763776
19973,625.890387
19974,276.096120
19975,380.048459
19976,220.800742
19977,830.393998
19978,754.462666
19979,622.885924
19980,657.873898
19981,394.811220
19982,339.414581
19983,367.513293
19984,225.735936
19985,515.341446
19986,451.714307
19987,387.233436
19988,788.675965
19989,458.578909
19990,552.387618
19991,714.697812
19992,632.208621
19993,1362.698402
19994,374.960214
19995,569.966098
19996,476.642142
19997,1643.191521
19998,319.551754
19999,706.501150
20000,186.604987
20001,614.910298
20002,480.711204
20003,592.843960
20004,432.884871
20005,463.510172
20006,350.264903
20007,489.288053
20008,835.540356
20009,582.959609
20010,407.544381
20011,365.475562
20012,380.990987
20013,343.516408
20014,486.865654
20015,342.697252
20016,291.838361
20017,409.296623
20018,291.478452
20019,344.107811
20020,420.749501
20021,553.900962
20022,783.591771
20023,463.267093
20024,443.702415
20025,317.316797
20026,1613.594845
20027,649.736997
20028,898.683674
20029,202.233639
20030,739.888574
20031,841.225064
20032,658.381318
20033,303.651565
20034,439.037573
20035,1341.342039
20036,270.951456
20037,711.332133
20038,444.807984
20039,699.890529
20040,595.104962
20041,384.318027
20042,299.470650
20043,281.277294
20044,586.838794
20045,444.814557
20046,636.561498
20047,559.740351
20048,1374.996989
20049,455.466285
20050,500.161740
20051,1263.186057
20052,298.683578
20053,1535.574743
20054,297.900458
20055,638.872634
20056,509.263486
20057,242.505397
20058,394.059103
20059,467.004479
20060,491.985282
20061,389.250606
20062,579.958743
20063,221.048879
20064,285.849835
20065,305.807998
20066,1094.009590
20067,786.885048
20068,559.374811
20069,660.514373
20070,362.337546
20071,470.749870
20072,512.742570
20073,566.155387
20074,421.955181
20075,430.112506
20076,530.656931
20077,247.520502
20078,260.199234
20079,630.077981
20080,400.645573
20081,366.931465
20082,673.530412
20083,636.621859
20084,399.645239
20085,699.381498
20086,1239.424471
20087,299.062243
20088,280.311227
20089,309.389158
20090,545.422715
20091,1198.482146
20092,676.904639
20093,323.292344
20094,409.764672
20095,799.403162
20096,381.282748
20097,438.982961
20098,422.875937
20099,821.605450
20100,654.925417
20101,264.574644
20102,453.249019
20103,340.679621
20104,531.627387
20105,303.788037
20106,387.448517
20107,499.045479
20108,1992.595928
20109,487.568877
20110,437.715600
20111,587.822771
20112,310.541848
20113,820.755916
20114,564.906527
20115,511.662447
20116,199.579569
20117,669.352816
20118,259.529895
20119,302.718637
20120,558.849195
20121,251.410458
20122,828.906164
20123,452.522866
20124,311.569574
20125,472.939200
20126,578.710005
20127,329.429265
20128,493.872581
20129,3835.118005
20130,637.603532
20131,422.179763
20132,533.326856
20133,352.200822
20134,447.492358
20135,714.263511
20136,468.912138
20137,283.034333
20138,345.695749
20139,883.435825
20140,691.049316
20141,220.756037
20142,278.627588
20143,273.220290
20144,239.892514
20145,542.628375
20146,1888.755456
20147,578.773170
20148,390.827037
20149,611.120875
20150,1598.690166
20151,651.282889
20152,436.152539
20153,303.565591
20154,598.807419
20155,249.470415
20156,455.176347
20157,460.418412
20158,249.365421
20159,303.153074
20160,451.249114
20161,483.120623
20162,772.753041
20163,635.050235
20164,319.635687
20165,466.796047
20166,225.701700
20167,1135.270271
20168,1683.946932
20169,579.383295
20170,716.943673
20171,505.750016
20172,397.439916
20173,659.920811
20174,1815.426002
20175,598.982536
20176,422.800470
20177,312.867504
20178,635.906607
20179,185.821228
20180,431.782729
20181,243.971424
20182,622.982676
20183,403.031416
20184,323.266455
20185,560.329071
20186,215.854924
20187,458.101418
20188,427.582960
20189,335.417591
20190,252.114054
20191,968.055968
20192,184.532536
20193,454.488985
20194,679.797863
20195,409.917261
20196,501.070525
20197,338.602917
20198,545.679385
20199,552.632320
20200,570.279514
20201,471.030358
20202,223.597595
20203,301.909542
20204,280.439313
20205,902.384252
20206,287.324149
20207,305.521161
20208,387.692944
20209,652.857616
20210,933.957512
20211,315.655748
20212,601.786354
20213,613.553474
20214,619.915278
20215,228.468544
20216,333.845721
20217,303.761248
20218,571.711025
20219,304.122235
20220,794.060323
20221,412.473770
20222,581.450745
20223,347.071550
20224,661.083850
20225,559.017284
20226,343.225404
20227,387.029541
20228,1330.641010
20229,536.564049
20230,580.736483
20231,822.320895
20232,431.036421
20233,393.668705
20234,684.758259
20235,369.352499
20236,651.643724
20237,222.933548
20238,689.250990
20239,229.070659
20240,528.894378
20241,317.371238
20242,743.857482
20243,210.685064
20244,409.311389
20245,692.996415
20246,519.375754
20247,1112.175036
20248,1017.001895
20249,344.357523
20250,392.519943
20251,766.077714
20252,276.845711
20253,510.929337
20254,732.146769
20255,619.561781
20256,238.942448
20257,384.837017
20258,1166.070296
20259,361.835960
20260,958.520512
20261,264.700079
20262,302.211119
20263,317.379467
20264,444.321847
20265,499.740692
20266,445.610854
20267,466.720417
20268,312.230427
20269,345.156666
20270,397.697367
20271,986.100569
20272,490.802324
20273,511.155405
20274,635.497927
20275,655.078514
20276,754.954295
20277,673.975740
20278,292.189993
20279,260.133370
20280,442.679770
20281,438.416949
20282,397.836405
20283,1134.272781
20284,659.639228
20285,542.042131
20286,533.129718
20287,442.669551
20288,601.201099
20289,470.864769
20290,724.523718
20291,311.883624
20292,395.754744
20293,319.398198
20294,1642.515331
20295,539.500150
20296,594.029376
20297,846.645111
20298,766.311321
20299,277.570671
20300,619.516680
20301,270.285129
20302,323.552639
20303,286.187370
20304,765.474605
20305,420.846721
20306,1061.501416
20307,355.746525
20308,264.219172
20309,889.740075
20310,381.555486
20311,534.058055
20312,358.979876
20313,363.111559
20314,779.382853
20315,496.306917
20316,382.684456
20317,325.805286
20318,279.927297
20319,662.445989
20320,678.122340
20321,243.627062
20322,643.327865
20323,621.194134
20324,536.330672
20325,401.936461
20326,488.534352
20327,301.347663
20328,394.089394
20329,527.377935
20330,594.571413
20331,526.099883
20332,965.396676
20333,676.356721
20334,891.341084
20335,1213.488781
20336,258.616464
20337,1217.561235
20338,343.196399
20339,611.045027
20340,376.922520
20341,702.869296
20342,1185.027410
20343,322.755609
20344,322.600283
20345,568.080841
20346,1007.232552
20347,749.906997
20348,542.998599
20349,779.777809
20350,595.276185
20351,393.288074
20352,810.965439
20353,425.628148
20354,868.228415
20355,355.008870
20356,381.023365
20357,372.280620
20358,404.707821
20359,410.612789
20360,402.548130
20361,227.208431
20362,342.440525
20363,451.089898
20364,479.523361
20365,262.920405
20366,1109.310220
20367,674.267343
20368,381.178586
20369,1250.762735
20370,400.077937
20371,354.208107
20372,606.805283
20373,271.867219
20374,460.795636
20375,310.904329
20376,502.686160
20377,570.063362
20378,397.450617
20379,241.961064
20380,216.273187
20381,857.752483
20382,535.643966
20383,200.396628
20384,672.907916
20385,590.153619
20386,385.102343
20387,921.743334
20388,511.321585
20389,271.916193
20390,675.470889
20391,581.043510
20392,832.454728
20393,543.862360
20394,226.298831
20395,436.783419
20396,692.845326
20397,218.662874
20398,382.335544
20399,412.289907
20400,992.572711
20401,413.806275
20402,412.074556
20403,675.905096
20404,264.938145
20405,246.465928
20406,642.407237
20407,487.807525
20408,1261.758160
20409,867.771692
20410,584.710568
20411,798.630354
20412,231.362303
20413,330.160353
20414,839.506065
20415,482.610512
20416,666.626533
20417,376.131765
20418,1283.746629
20419,305.194205
20420,379.712046
20421,321.125602
20422,693.908633
20423,810.915049
20424,865.797625
20425,291.306259
20426,363.944611
20427,330.365151
20428,501.357372
20429,173.406224
20430,274.268323
20431,1115.443373
20432,660.041071
20433,397.354697
20434,305.178214
20435,343.961328
20436,1214.443050
20437,683.538006
20438,425.490574
20439,602.402182
20440,452.019642
20441,286.293006
20442,240.811052
20443,825.375571
20444,664.586183
20445,265.564480
20446,351.816586
20447,314.255682
20448,512.305389
20449,519.757305
20450,504.126748
20451,283.673294
20452,501.453500
20453,280.432414
20454,858.384665
20455,408.657117
20456,639.016508
20457,257.959622
20458,726.222539
20459,359.551124
20460,988.623697
20461,700.344516
20462,1549.121900
20463,560.810934
20464,499.409788
20465,369.311633
20466,303.360342
20467,246.187125
20468,255.409980
20469,444.691753
20470,335.080808
20471,819.803941
20472,382.468173
20473,286.762034
20474,717.137577
20475,294.225220
20476,412.403571
20477,487.754531
20478,545.806472
20479,559.146971
20480,1084.081304
20481,372.018963
20482,244.145649
20483,736.830043
20484,745.738095
20485,447.499149
20486,499.397933
20487,329.724377
20488,687.795217
20489,291.453992
20490,193.913662
20491,411.226460
20492,951.987940
20493,377.460632
20494,637.038479
20495,420.739684
20496,789.239755
20497,362.425776
20498,437.562208
20499,436.460215
20500,734.728646
20501,293.436083
20502,296.923290
20503,703.397627
20504,384.606458
20505,736.038558
20506,849.250889
20507,598.422810
20508,634.507484
20509,337.535590
20510,282.018802
20511,1117.348272
20512,451.162798
20513,905.167468
20514,425.187036
20515,322.667591
20516,626.677532
20517,813.190055
20518,637.864931
20519,680.544199
20520,333.962172
20521,339.422330
20522,839.858678
20523,352.127638
20524,381.150100
20525,699.272505
20526,174.593517
20527,284.819492
20528,765.095191
20529,235.878386
20530,390.242188
20531,533.745308
20532,565.096536
20533,278.429918
20534,211.271128
20535,355.157757
20536,515.006057
20537,412.469877
20538,408.656553
20539,521.779825
20540,497.525978
20541,508.475337
20542,300.678053
20543,440.249073
20544,998.202684
20545,307.176332
20546,298.803045
20547,531.091210
20548,256.934159
20549,284.620391
20550,400.527918
20551,260.683759
20552,417.363302
20553,349.658845
20554,587.794741
20555,259.704956
20556,579.185571
20557,902.370668
20558,311.996016
20559,398.557855
20560,211.343917
20561,722.233680
20562,644.506028
20563,299.829356
20564,555.910001
20565,251.994426
20566,651.526984
20567,542.095187
20568,661.018440
20569,831.915813
20570,718.931826
20571,345.269393
20572,1032.079006
20573,593.220290
20574,250.157725
20575,440.142861
20576,509.776299
20577,243.018264
20578,403.887660
20579,374.217969
20580,817.752890
20581,589.170053
20582,1036.759418
20583,1070.599754
20584,455.297729
20585,306.278885
20586,271.393480
20587,807.130655
20588,1052.845879
20589,303.428114
20590,379.046158
20591,854.918731
20592,1306.489470
20593,752.072144
20594,439.106472
20595,707.994592
20596,925.245690
20597,456.800422
20598,657.659478
20599,988.783973
20600,398.141446
20601,402.328307
20602,444.198490
20603,384.542892
20604,247.417435
20605,907.122062
20606,543.915592
20607,544.270497
20608,879.959517
20609,1123.654172
20610,262.236170
20611,668.458162
20612,462.615487
20613,337.977844
20614,222.211213
20615,351.322486
20616,351.416789
20617,285.342659
20618,500.052860
20619,467.320701
20620,804.340889
20621,1008.405204
20622,259.516860
20623,459.942200
20624,595.405708
20625,594.406266
20626,205.313807
20627,448.854544
20628,871.649433
20629,645.230351
20630,912.133487
20631,339.473575
20632,340.280177
20633,613.014187
20634,367.831920
20635,756.953822
20636,599.824218
20637,409.932855
20638,420.425670
20639,367.594345
20640,1544.474650
20641,393.047313
20642,361.464952
20643,521.851509
20644,247.056876
20645,423.591845
20646,458.622837
20647,456.720312
20648,367.905114
20649,356.091799
20650,809.806021
20651,1834.266049
20652,586.454634
20653,679.878060
20654,394.673493
20655,262.485539
20656,252.109810
20657,234.534020
20658,265.881478
20659,252.713242
20660,678.369980
20661,1564.428846
20662,641.297314
20663,340.101423
20664,477.944470
20665,772.558519
20666,167.122219
20667,429.974998
20668,256.930691
20669,264.327977
20670,594.151307
20671,301.646367
20672,304.700234
20673,721.514706
20674,380.185478
20675,844.367020
20676,526.035537
20677,408.332985
20678,296.447302
20679,620.653255
20680,198.316463
20681,1328.482799
20682,604.435263
20683,400.528266
20684,443.552356
20685,344.395141
20686,377.877660
20687,801.626801
20688,432.332435
20689,807.606337
20690,1381.605588
20691,391.719634
20692,382.716872
20693,618.044530
20694,437.892547
20695,727.122192
20696,1083.178161
20697,244.207572
20698,487.476611
20699,703.133293
20700,764.720641
20701,577.683436
20702,193.001021
20703,374.858183
20704,536.091082
20705,352.753013
20706,629.567766
20707,529.043716
20708,246.676475
20709,523.214472
20710,392.537514
20711,318.375517
20712,411.447448
20713,666.892266
20714,254.482239
20715,282.666406
20716,350.173460
20717,589.189374
20718,303.166139
20719,313.080112
20720,569.305545
20721,363.077328
20722,556.887207
20723,298.436383
20724,504.124285
20725,538.412953
20726,662.337311
20727,309.303182
20728,342.605160
20729,373.262552
20730,559.943422
20731,339.793087
20732,454.472344
20733,757.209485
20734,292.336820
20735,549.188983
20736,439.152335
20737,459.945592
20738,852.871214
20739,763.783875
20740,803.491983
20741,242.500938
20742,363.300896
20743,444.543892
20744,246.069091
20745,401.464855
20746,2305.868427
20747,573.004546
20748,520.970535
20749,268.663833
20750,355.381322
20751,1351.475508
20752,525.772913
20753,490.155453
20754,362.840917
20755,281.362135
20756,250.541507
20757,447.241807
20758,375.060559
20759,1073.313460
20760,639.740281
20761,617.764738
20762,350.986928
20763,251.342011
20764,282.334069
20765,740.092939
20766,821.348808
20767,462.767002
20768,749.306574
20769,368.847630
20770,403.653776
20771,302.889510
20772,194.882759
20773,315.282883
20774,318.674109
20775,313.542793
20776,291.486416
20777,403.170543
20778,222.094676
20779,693.807005
20780,633.265918
20781,256.452716
20782,428.188267
20783,507.517591
20784,351.098787
20785,225.925327
20786,228.960925
20787,320.125210
20788,244.533952
20789,569.988242
20790,383.836236
20791,360.881829
20792,635.755953
20793,602.317162
20794,398.340138
20795,518.832669
20796,367.309468
20797,514.318267
20798,645.855111
20799,738.501501
20800,441.653379
20801,593.355862
20802,499.760598
20803,1090.690585
20804,564.753688
20805,369.695570
20806,329.339028
20807,736.224284
20808,440.778769
20809,281.596397
20810,578.126462
20811,1560.475680
20812,272.223404
20813,294.986940
20814,496.638803
20815,761.647545
20816,822.606185
20817,451.752675
20818,610.133653
20819,465.189712
20820,583.252972
20821,308.266522
20822,517.505743
20823,569.404068
20824,272.823931
20825,424.467751
20826,469.098933
20827,735.571351
20828,407.044055
20829,1004.567052
20830,603.952658
20831,297.517056
20832,323.267688
20833,349.781656
20834,302.943605
20835,326.937372
20836,807.279302
20837,292.601789
20838,377.416764
20839,773.188684
20840,654.556595
20841,274.157315
20842,325.114967
20843,449.052799
20844,264.530435
20845,494.567184
20846,846.116205
20847,216.279203
20848,385.921146
20849,596.255220
20850,287.650986
20851,425.103368
20852,221.389989
20853,753.511564
20854,827.540502
20855,562.966909
20856,241.724802
20857,549.921382
20858,596.115442
20859,1069.787442
20860,963.538700
20861,286.567439
20862,529.823021
20863,616.371741
20864,368.326001
20865,429.223354
20866,694.312913
20867,191.582284
20868,1337.792466
20869,242.396581
20870,442.198972
20871,663.603272
20872,315.792568
20873,209.759131
20874,1336.315307
20875,249.521813
20876,214.142178
20877,726.549186
20878,585.523645
20879,423.468609
20880,214.222642
20881,382.996620
20882,442.407142
20883,947.866797
20884,711.978372
20885,563.735204
20886,653.755288
20887,280.838528
20888,539.283926
20889,244.494087
20890,593.213442
20891,404.082633
20892,343.154117
20893,456.781850
20894,512.856482
20895,482.440154
20896,389.720760
20897,581.565074
20898,415.635097
20899,263.958176
20900,257.573142
20901,191.233322
20902,571.886796
20903,488.485383
20904,671.902495
20905,711.593701
20906,300.676132
20907,982.297208
20908,364.352465
20909,258.032407
20910,206.868251
20911,467.662377
20912,714.830889
20913,372.180056
20914,259.911826
20915,376.926551
20916,560.003599
20917,403.326017
20918,243.565019
20919,872.864168
20920,631.984505
20921,373.458252
20922,292.561665
20923,350.356520
20924,191.963244
20925,387.774474
20926,422.433652
20927,642.723704
20928,986.818610
20929,300.972375
20930,389.468541
20931,359.244099
20932,442.768916
20933,434.604047
20934,470.865268
20935,434.629964
20936,1193.479088
20937,284.635444
20938,272.726995
20939,854.120690
20940,205.584968
20941,307.988108
20942,316.854766
20943,210.964075
20944,375.446833
20945,791.773167
20946,448.754892
20947,259.308305
20948,318.539591
20949,345.925087
20950,748.515158
20951,378.196248
20952,188.430153
20953,526.338726
20954,1218.938128
20955,183.076924
20956,362.055549
20957,424.126104
20958,290.794215
20959,410.054072
20960,531.847951
20961,267.548171
20962,1390.399398
20963,271.211503
20964,222.287483
20965,902.953375
20966,459.553182
20967,558.122562
20968,650.020096
20969,223.719660
20970,915.945369
20971,354.707262
20972,332.200577
20973,337.122625
20974,552.423676
20975,319.481399
20976,933.327481
20977,703.033984
20978,410.177347
20979,341.964582
20980,588.639903
20981,367.281151
20982,263.758362
20983,496.719284
20984,408.871350
20985,289.792702
20986,457.607864
20987,536.197483
20988,315.854577
20989,780.777698
20990,298.826496
20991,880.866629
20992,185.797560
20993,467.088232
20994,1507.592591
20995,476.539796
20996,784.477756
20997,265.397553
20998,430.806899
20999,726.116800
21000,220.619086
21001,251.516509
21002,582.720457
21003,265.788509
21004,713.985990
21005,492.935709
21006,285.457852
21007,1234.941180
21008,292.061108
21009,458.200768
21010,1089.947309
21011,1692.011497
21012,324.589979
21013,370.372924
21014,395.964975
21015,532.825466
21016,1252.903852
21017,270.929101
21018,850.719834
21019,517.041661
21020,333.480060
21021,252.413545
21022,672.778277
21023,393.365628
21024,677.373589
21025,571.088233
21026,271.188047
21027,741.818248
21028,499.069234
21029,539.292011
21030,410.467317
21031,680.155106
21032,409.990954
21033,590.977169
21034,1215.300609
21035,519.747877
21036,845.153593
21037,233.143161
21038,282.748230
21039,298.258203
21040,1073.685519
21041,349.675171
21042,351.962372
21043,320.262596
21044,859.117651
21045,414.824281
21046,517.121938
21047,553.699767
21048,434.861154
21049,822.060838
21050,846.148107
21051,470.678759
21052,198.242373
21053,508.003299
21054,325.448322
21055,556.703420
21056,592.334222
21057,315.526074
21058,729.263627
21059,315.702477
21060,872.110753
21061,201.605130
21062,247.800073
21063,453.738789
21064,315.580332
21065,444.894972
21066,561.581869
21067,726.674419
21068,516.266150
21069,875.393090
21070,279.901210
21071,453.130260
21072,581.854939
21073,559.655175
21074,557.036489
21075,844.012596
21076,2806.985560
21077,202.001832
21078,404.223841
21079,599.294065
21080,524.274283
21081,275.677976
21082,810.475081
21083,432.552173
21084,438.735236
21085,317.542546
21086,677.962361
21087,697.392410
21088,277.574121
21089,620.224229
21090,589.880648
21091,335.489436
21092,396.693620
21093,477.575097
21094,258.779075
21095,604.269443
21096,513.302712
21097,676.214244
21098,504.717497
21099,355.760355
21100,991.928746
21101,300.848201
21102,665.293856
21103,771.531061
21104,303.846586
21105,195.966918
21106,496.530265
21107,515.980907
21108,442.736892
21109,343.071967
21110,403.230580
21111,310.275919
21112,750.292858
21113,318.283414
21114,209.137591
21115,608.295584
21116,358.938559
21117,616.535187
21118,413.050675
21119,561.159053
21120,352.895812
21121,327.707003
21122,660.102722
21123,349.998241
21124,530.109404
21125,350.818899
21126,470.152147
21127,445.536126
21128,391.894733
21129,269.948296
21130,345.804685
21131,460.652053
21132,351.212550
21133,1279.724461
21134,621.182882
21135,246.548664
21136,597.362081
21137,336.598396
21138,365.132768
21139,378.029631
21140,258.562933
21141,560.443900
21142,754.589343
21143,506.022535
21144,440.797697
21145,280.688549
21146,476.582386
21147,331.095210
21148,436.654360
21149,490.197347
21150,352.597420
21151,359.146284
21152,546.886437
21153,313.907125
21154,869.346944
21155,151.703403
21156,477.196002
21157,210.889897
21158,191.902937
21159,351.735434
21160,509.544060
21161,632.956923
21162,245.801278
21163,263.664622
21164,1088.734326
21165,415.364604
21166,640.632285
21167,678.046989
21168,545.881626
21169,429.290027
21170,442.710890
21171,505.710379
21172,259.722790
21173,873.935837
21174,1506.310230
21175,506.632453
21176,909.746296
21177,378.771169
21178,266.732071
21179,517.356743
21180,199.831603
21181,298.581042
21182,492.922623
21183,948.167255
21184,475.157997
21185,529.848347
21186,563.777017
21187,304.383713
21188,374.875875
21189,436.422120
21190,130.164224
21191,634.657007
21192,547.875905
21193,497.718514
21194,413.200625
21195,368.628778
21196,565.524356
21197,272.661034
21198,504.387653
21199,279.569307
21200,515.985737
21201,515.038820
21202,2122.943861
21203,211.361176
21204,345.441731
21205,236.346063
21206,288.714094
21207,780.533976
21208,212.020484
21209,1076.408523
21210,781.453447
21211,266.148714
21212,460.327106
21213,353.054375
21214,262.206899
21215,731.346737
21216,416.924904
21217,276.860611
21218,650.152476
21219,379.800505
21220,490.266815
21221,323.836007
21222,362.043827
21223,229.700621
21224,338.346824
21225,491.896703
21226,439.573669
21227,432.833104
21228,217.058963
21229,698.115240
21230,287.648580
21231,716.283719
21232,470.678453
21233,286.396180
21234,647.704847
21235,418.006998
21236,445.898561
21237,1765.318456
21238,548.439150
21239,402.588233
21240,548.399245
21241,748.369472
21242,318.823115
21243,434.779976
21244,587.762577
21245,356.069571
21246,657.447142
21247,308.667767
21248,489.231723
21249,460.844861
21250,770.321045
21251,605.026896
21252,458.539676
21253,421.729519
21254,674.479574
21255,1065.445115
21256,276.257150
21257,451.190248
21258,345.190806
21259,212.934773
21260,486.051970
21261,224.838549
21262,248.208919
21263,1653.483969
21264,330.533370
21265,229.844218
21266,405.509842
21267,470.354593
21268,552.468039
21269,258.863210
21270,435.056716
21271,322.108230
21272,475.539838
21273,490.668704
21274,439.219978
21275,282.067864
21276,403.825778
21277,323.938658
21278,484.020385
21279,291.514594
21280,860.756814
21281,272.463009
21282,562.764641
21283,656.713137
21284,259.128116
21285,383.874355
21286,467.362783
21287,333.503548
21288,698.698814
21289,313.021363
21290,328.063543
21291,369.400124
21292,360.240375
21293,508.120553
21294,277.130700
21295,503.724403
21296,421.224243
21297,316.704554
21298,357.007946
21299,650.326162
21300,208.763593
21301,381.647740
21302,529.356300
21303,223.954827
21304,579.468990
21305,249.085059
21306,274.198862
21307,362.412638
21308,415.214943
21309,2767.823201
21310,1653.064304
21311,432.855134
21312,448.864430
21313,613.044602
21314,360.471418
21315,171.709816
21316,321.581727
21317,483.363749
21318,362.365757
21319,327.860464
21320,610.237317
21321,458.298994
21322,366.632474
21323,982.303627
21324,443.958231
21325,554.331530
21326,236.449947
21327,373.788348
21328,897.892681
21329,536.177102
21330,578.540896
21331,605.816196
21332,239.534749
21333,585.216318
21334,956.114394
21335,606.143076
21336,353.825497
21337,559.593723
21338,397.204414
21339,436.402171
21340,475.695275
21341,382.421692
21342,821.753092
21343,354.215224
21344,561.463282
21345,612.482032
21346,287.560588
21347,273.285413
21348,562.156258
21349,381.756643
21350,941.509596
21351,598.620681
21352,3212.096837
21353,283.473017
21354,1149.495890
21355,589.345925
21356,633.053289
21357,305.659894
21358,648.394993
21359,311.932020
21360,293.034106
21361,583.753120
21362,757.701598
21363,274.955507
21364,382.683577
21365,1133.347102
21366,393.766394
21367,425.802355
21368,475.267578
21369,256.490605
21370,743.416814
21371,969.914721
21372,290.532071
21373,251.368478
21374,390.858970
21375,257.157342
21376,553.607062
21377,328.756806
21378,317.239836
21379,1277.593837
21380,454.002879
21381,585.034896
21382,318.334377
21383,394.770376
21384,375.713975
21385,670.963607
21386,617.623541
21387,567.466460
21388,292.413204
21389,281.403666
21390,268.653134
21391,369.260778
21392,791.936564
21393,587.555669
21394,882.261499
21395,664.509413
21396,336.253653
21397,455.664839
21398,306.763770
21399,628.213513
21400,1029.202010
21401,261.150926
21402,501.446123
21403,548.824106
21404,528.061832
21405,376.731998
21406,276.666967
21407,423.918859
21408,560.770550
21409,344.240106
21410,528.679266
21411,490.752056
21412,359.831321
21413,454.877600
21414,2426.306156
21415,769.767154
21416,533.941358
21417,436.717111
21418,276.723547
21419,277.111223
21420,376.949009
21421,450.068593
21422,368.306205
21423,272.513540
21424,560.921915
21425,253.158785
21426,1635.131464
21427,330.467655
21428,397.755351
21429,383.251306
21430,342.922270
21431,315.198501
21432,485.697745
21433,578.554034
21434,617.647330
21435,539.936085
21436,485.544101
21437,568.088011
21438,215.772362
21439,187.802372
21440,386.042431
21441,386.995034
21442,633.198018
21443,1263.950986
21444,324.856972
21445,374.232335
21446,1755.756010
21447,316.119256
21448,233.156907
21449,268.176578
21450,310.193374
21451,492.285192
21452,360.769081
21453,726.799304
21454,421.878143
21455,380.531436
21456,505.353883
21457,408.687493
21458,338.194894
21459,405.962512
21460,403.660111
21461,445.687550
21462,761.920034
21463,494.151597
21464,437.884440
21465,649.706025
21466,372.480094
21467,646.047569
21468,419.829379
21469,339.031718
21470,587.206124
21471,316.682751
21472,857.213484
21473,665.457146
21474,412.041277
21475,499.872340
21476,474.530751
21477,403.138839
21478,287.395846
21479,557.923419
21480,278.540260
21481,362.476899
21482,352.996912
21483,667.431233
21484,345.686779
21485,318.743140
21486,2496.741755
21487,301.027128
21488,376.565826
21489,365.558863
21490,836.342507
21491,2603.960185
21492,569.421449
21493,488.726374
21494,720.262054
21495,348.869518
21496,425.227313
21497,425.689914
21498,353.065627
21499,430.695345
21500,285.958402
21501,741.518875
21502,540.404424
21503,707.902335
21504,510.577604
21505,263.656435
21506,674.772396
21507,430.652671
21508,240.797640
21509,364.435817
21510,659.174820
21511,370.923728
21512,468.508652
21513,284.948049
21514,351.310503
21515,745.733652
21516,615.005561
21517,1375.939256
21518,464.114662
21519,299.703161
21520,1659.000483
21521,852.164213
21522,308.116204
21523,531.432431
21524,525.940945
21525,385.697341
21526,252.828191
21527,304.356203
21528,485.845015
21529,521.985913
21530,148.660974
21531,202.892350
21532,716.213527
21533,352.817069
21534,666.551859
21535,333.495170
21536,349.218914
21537,248.966547
21538,648.217648
21539,316.324337
21540,459.240717
21541,680.297187
21542,375.839429
21543,684.524073
21544,490.908226
21545,330.846151
21546,338.500962
21547,422.807462
21548,324.101283
21549,371.657759
21550,502.144580
21551,405.270237
21552,438.392458
21553,506.815059
21554,972.342902
21555,1910.668625
21556,245.568612
21557,611.250882
21558,1269.144533
21559,420.918844
21560,294.542444
21561,207.700600
21562,446.338677
21563,242.492764
21564,752.705811
21565,270.035159
21566,209.071766
21567,385.876839
21568,870.042360
21569,267.535655
21570,216.347893
21571,181.551676
21572,413.548750
21573,507.739203
21574,232.622472
21575,476.691515
21576,232.382092
21577,705.308512
21578,535.570362
21579,559.733005
21580,348.749023
21581,521.498075
21582,354.700775
21583,343.862995
21584,336.853818
21585,653.778218
21586,1106.617762
21587,269.404839
21588,364.478185
21589,313.536143
21590,594.454651
21591,660.127456
21592,347.433638
21593,246.509609
21594,486.761025
21595,731.433004
21596,435.156520
21597,504.772852
21598,419.984055
21599,980.646506
